{
  "dataset_info": {
    "total_records": 50648,
    "total_features": 6,
    "memory_usage_mb": 220.14735889434814
  },
  "class_balance": {
    "class_0_count": 27720,
    "class_1_count": 22928,
    "class_0_ratio": 0.5473069025430422,
    "class_1_ratio": 0.45269309745695785,
    "imbalance_ratio": 1.2090020935101187
  },
  "text_quality": {
    "avg_text_length": 1289.7214302637815,
    "median_text_length": 1226.0,
    "std_text_length": 1141.0603912363001,
    "min_text_length": 14,
    "max_text_length": 7223,
    "avg_word_count": 173.23122334544306,
    "median_word_count": 167.0
  },
  "vocabulary": {
    "total_words_sampled": 1756381,
    "unique_words": 72557,
    "vocabulary_diversity": 0.041310512924018196,
    "sample_size": 10000
  },
  "source_distribution": {
    "source_counts": {
      "ISOT": 38684,
      "LIAR": 11964
    },
    "source_label_distribution": {
      "0": {
        "ISOT": 20976,
        "LIAR": 6744
      },
      "1": {
        "ISOT": 17708,
        "LIAR": 5220
      }
    }
  },
  "duplicates": {
    "exact_duplicates": 107,
    "near_duplicates": 133,
    "duplicate_percentage": 0.21126204391091452,
    "near_duplicate_percentage": 0.26259674616964146
  },
  "model_performance": {
    "cv_mean_accuracy": 0.8854,
    "cv_std_accuracy": 0.00717216843081645,
    "cv_scores": [
      0.883,
      0.897,
      0.89,
      0.878,
      0.879
    ]
  },
  "clustering": {
    "adjusted_rand_index": 0.3139663027638215,
    "silhouette_score": 0.008616838588733572,
    "cluster_centers_distance": 0.14289882267443896
  },
  "summary": {
    "quality_score": 95,
    "issues_count": 1,
    "issues": [
      "Very short texts detected"
    ],
    "recommendations_count": 1,
    "recommendations": [
      "Filter out texts shorter than 20 characters"
    ]
  }
}