{
  "tuned_model": {
    "best_params": {
      "max_depth": null,
      "min_samples_leaf": 1,
      "min_samples_split": 2,
      "n_estimators": 300
    },
    "best_cv_score": 0.9025756139700487,
    "test_accuracy": 0.9070088845014808,
    "test_precision": 0.9074240075705684,
    "test_recall": 0.9070088845014808,
    "test_f1_score": 0.9067656408129321
  },
  "comparison": {
    "baseline": {
      "model_name": "Random Forest (Default)",
      "accuracy": 0.9058242843040474,
      "precision": 0.9061893976701055,
      "recall": 0.9058242843040474,
      "f1_score": 0.9055883915810383
    },
    "tuned": {
      "model_name": "Random Forest (Tuned)",
      "accuracy": 0.9070088845014808,
      "precision": 0.9074240075705684,
      "recall": 0.9070088845014808,
      "f1_score": 0.9067656408129321
    },
    "improvements": {
      "accuracy": {
        "absolute": 0.001184600197433383,
        "percentage": 0.130775937227552
      },
      "precision": {
        "absolute": 0.0012346099004628686,
        "percentage": 0.13624192730980542
      },
      "recall": {
        "absolute": 0.001184600197433383,
        "percentage": 0.130775937227552
      },
      "f1_score": {
        "absolute": 0.0011772492318937733,
        "percentage": 0.1299982688424761
      }
    }
  }
}