{
  "logistic_regression": {
    "accuracy": 0.8927936821322804,
    "precision": 0.8929041794499519,
    "recall": 0.8927936821322804,
    "f1_score": 0.8925880711204314,
    "confusion_matrix": [
      [
        5087,
        457
      ],
      [
        629,
        3957
      ]
    ]
  },
  "naive_bayes": {
    "accuracy": 0.8583415597235933,
    "precision": 0.8582394872445634,
    "recall": 0.8583415597235933,
    "f1_score": 0.8582668463940302,
    "confusion_matrix": [
      [
        4853,
        691
      ],
      [
        744,
        3842
      ]
    ]
  },
  "linear_svm": {
    "accuracy": 0.894471865745311,
    "precision": 0.894434000664392,
    "recall": 0.894471865745311,
    "f1_score": 0.894355806242981,
    "confusion_matrix": [
      [
        5062,
        482
      ],
      [
        587,
        3999
      ]
    ]
  },
  "random_forest": {
    "accuracy": 0.9058242843040474,
    "precision": 0.9061893976701055,
    "recall": 0.9058242843040474,
    "f1_score": 0.9055883915810383,
    "confusion_matrix": [
      [
        5175,
        369
      ],
      [
        585,
        4001
      ]
    ]
  }
}